"uti.dur.mean","tempo_infectividade_uti","tempo_uti_obito","tempo_uti_recuperacao"
17.1065573770492,11.0573770491803,15.6190476190476,11.4615384615385
