"uti.dur.mean","tempo_infectividade_uti","tempo_uti_obito","tempo_uti_recuperacao"
22.1676646706587,11.5209580838323,16.6290322580645,10.1836734693878
