"","Median","II.97.5","II.2.5"
"acc",0.815797590366321,0.825266604432542,0.8063285763001
"sensibility",0.863819221044655,0.869914980670179,0.857723461419132
"specificity",0.76777643636084,0.780619157706968,0.754933715014711
