"","Median","II.97.5","II.2.5"
"acc",0.832132329826646,0.85099785255149,0.830169778466044
"sensibility",0.871244991571435,0.888983583345879,0.871054179103295
"specificity",0.793223563898314,0.813022316547923,0.789104323019744
