"","Median","II.97.5","II.2.5"
"acc",0.88771423353044,0.931849116447898,0.847959465094487
"sensibility",0.900277588835149,0.944599532736663,0.861446069799141
"specificity",0.875154791062312,0.919662941285593,0.834476345129627
