"","Median","II.97.5","II.2.5"
"acc",0.927293777224748,0.938439389470431,0.916148164979064
"sensibility",0.938675458052233,0.948318932605254,0.929031983499212
"specificity",0.915913479389991,0.928559915485245,0.903267043294737
