"","Median","II.97.5","II.2.5"
"acc",0.96043673198273,0.976567170375291,0.944306293590169
"sensibility",0.967535702424444,0.979603952175357,0.955467452673531
"specificity",0.953337761541016,0.973530388575224,0.933145134506808
