"","Median","II.97.5","II.2.5"
"acc",0.865476376098727,0.887893265479968,0.843059486717486
"sensibility",0.901380671622661,0.915431559955041,0.887329783290281
"specificity",0.829570898980537,0.860354729227877,0.798787068733198
