"","Median","II.97.5","II.2.5"
"acc",0.833491218946345,0.861914906145032,0.773594017021753
"sensibility",0.86035954753665,0.886975313150495,0.81421267882678
"specificity",0.806622793732765,0.836854494308405,0.732975350385562
