"","Median","II.97.5","II.2.5"
"acc",0.796258594478539,0.857826429157445,0.768072062318144
"sensibility",0.842374256148969,0.888814126401126,0.825499308475417
"specificity",0.750144502542658,0.826838006560785,0.710643106989509
